{"search":"","showTags":false,"showAttachments":false,"hideUnresolved":false,"showOrphans":false,"showArrow":false,"textFadeMultiplier":3,"nodeSizeMultiplier":1.18574786324786,"lineSizeMultiplier":0.806032763532764,"centerStrength":0.43106811266287,"repelStrength":7.2957264957265,"linkStrength":0.241320121713349,"linkDistance":113,"scale":0.20199215359355543}